{
    "DE_TransE": {
        "HIT1": 1.3895274584929758,
        "HIT3": 1.5588633288227334,
        "HIT10": 1.5166404799314384,
        "MR": 226.50552270445164,
        "MRR": 1.4695859554646893
    },
    "DE_SimplE": {
        "HIT1": 1.6122860020140986,
        "HIT3": 1.6419568468276011,
        "HIT10": 1.5989121099341541,
        "MR": 285.24132544906837,
        "MRR": 1.5809515387356086
    },
    "DE_DistMult": {
        "HIT1": 1.6838709677419352,
        "HIT3": 1.6227355072463767,
        "HIT10": 1.5749326951839664,
        "MR": 361.0253263416267,
        "MRR": 1.5831572781521344
    },
    "TERO": {
        "HIT1": 1.4681122448979593,
        "HIT3": 1.4186431329288474,
        "HIT10": 1.3883431565160445,
        "MR": 238.29565993528954,
        "MRR": 1.4158284036519975
    },
    "ATISE": {
        "HIT1": 1.5196815568332596,
        "HIT3": 1.6110344827586207,
        "HIT10": 1.3705103969754253,
        "MR": 307.1510654914649,
        "MRR": 1.4763845137281026
    }
}