{
    "DE_TransE": {
        "HIT1": 1.0497949619214997,
        "HIT3": 1.4120442291876085,
        "HIT10": 1.4119450504097637,
        "MR": 190.59779091821935,
        "MRR": 1.295892541555432
    },
    "DE_SimplE": {
        "HIT1": 1.4983833718244803,
        "HIT3": 1.444833625218914,
        "HIT10": 1.3591613006226386,
        "MR": 217.36974227379227,
        "MRR": 1.4225127769890935
    },
    "DE_DistMult": {
        "HIT1": 1.5988531213345498,
        "HIT3": 1.5117003434230494,
        "HIT10": 1.3977110971929625,
        "MR": 274.54635724645766,
        "MRR": 1.4878080274704424
    },
    "TERO": {
        "HIT1": 1.441904165361729,
        "HIT3": 1.2853573213393303,
        "HIT10": 1.1977965064268563,
        "MR": 238.29565993528954,
        "MRR": 1.3083341206526742
    },
    "ATISE": {
        "HIT1": 1.5233872755486588,
        "HIT3": 1.4612176814011675,
        "HIT10": 1.2647799961232795,
        "MR": 307.1510654914649,
        "MRR": 1.4055515088006294
    }
}