{
    "DE_TransE": {
        "HIT1": 0.09996652906392949,
        "HIT3": 0.4309940868012942,
        "HIT10": 0.6679683141805199,
        "MR": 190.59767934843245,
        "MRR": 0.30052498907664305
    },
    "DE_SimplE": {
        "HIT1": 0.17862322882963294,
        "HIT3": 0.4287626910632601,
        "HIT10": 0.6231172598460337,
        "MR": 285.24132544906837,
        "MRR": 0.33409319060145554
    },
    "DE_DistMult": {
        "HIT1": 0.17471828628807318,
        "HIT3": 0.39975454646881625,
        "HIT10": 0.5874149280374874,
        "MR": 361.0253263416267,
        "MRR": 0.31719647030437664
    },
    "TERO": {
        "HIT1": 0.38525047417159436,
        "HIT3": 0.5739149838223809,
        "HIT10": 0.7095838446948566,
        "MR": 238.29565993528954,
        "MRR": 0.5000763027042784
    },
    "ATISE": {
        "HIT1": 0.3833537877942653,
        "HIT3": 0.586410799955372,
        "HIT10": 0.7279928595336382,
        "MR": 307.1510654914649,
        "MRR": 0.5054803290523
    }
}