{
    "DE_TransE": {
        "HIT1": 1.1832517672648177,
        "HIT3": 1.467142129393785,
        "HIT10": 1.4458061002178648,
        "MR": 226.50552270445164,
        "MRR": 1.3598557183987112
    },
    "DE_SimplE": {
        "HIT1": 1.5251250297689927,
        "HIT3": 1.5295522388059704,
        "HIT10": 1.4395257426380565,
        "MR": 285.24132544906837,
        "MRR": 1.4642548003316642
    },
    "DE_DistMult": {
        "HIT1": 1.664629285144831,
        "HIT3": 1.6185206098249576,
        "HIT10": 1.508704061895551,
        "MR": 361.0253263416267,
        "MRR": 1.5483318127613304
    },
    "TERO": {
        "HIT1": 1.441904165361729,
        "HIT3": 1.2853573213393303,
        "HIT10": 1.1977965064268563,
        "MR": 238.29565993528954,
        "MRR": 1.3083341206526742
    },
    "ATISE": {
        "HIT1": 1.5233872755486588,
        "HIT3": 1.4612176814011675,
        "HIT10": 1.2647799961232795,
        "MR": 307.1510654914649,
        "MRR": 1.4055515088006294
    }
}