{
    "DE_TransE": {
        "HIT1": 0.09996652906392949,
        "HIT3": 0.4309940868012942,
        "HIT10": 0.6679683141805199,
        "MR": 190.59779091821935,
        "MRR": 0.3005249890740837
    },
    "DE_SimplE": {
        "HIT1": 0.3619323887091376,
        "HIT3": 0.5522704451634497,
        "HIT10": 0.7123730893673993,
        "MR": 217.36974227379227,
        "MRR": 0.48168727741357964
    },
    "DE_DistMult": {
        "HIT1": 0.34218453642753544,
        "HIT3": 0.5279482316188776,
        "HIT10": 0.684703782215776,
        "MR": 274.54635724645766,
        "MRR": 0.4595339060848753
    },
    "TERO": {
        "HIT1": 0.38525047417159436,
        "HIT3": 0.5739149838223809,
        "HIT10": 0.7095838446948566,
        "MR": 238.29565993528954,
        "MRR": 0.5000763027042784
    },
    "ATISE": {
        "HIT1": 0.3833537877942653,
        "HIT3": 0.586410799955372,
        "HIT10": 0.7279928595336382,
        "MR": 307.1510654914649,
        "MRR": 0.5054803290523
    }
}