{
    "HEAD": {
        "DE_TransE": {
            "HIT1": 0.060693964074528615,
            "HIT3": 0.3213209862769162,
            "HIT10": 0.5923239986611626,
            "MR": 226.50552270445164,
            "MRR": 0.23233622219766795
        },
        "DE_SimplE": {
            "HIT1": 0.17862322882963294,
            "HIT3": 0.4287626910632601,
            "HIT10": 0.6231172598460337,
            "MR": 285.24132544906837,
            "MRR": 0.33409319060145554
        },
        "DE_DistMult": {
            "HIT1": 0.17471828628807318,
            "HIT3": 0.39975454646881625,
            "HIT10": 0.5874149280374874,
            "MR": 361.0253263416267,
            "MRR": 0.31719647030437664
        },
        "TERO": {
            "HIT1": 0.38525047417159436,
            "HIT3": 0.5739149838223809,
            "HIT10": 0.7095838446948566,
            "MR": 238.29565993528954,
            "MRR": 0.5000763027042784
        },
        "ATISE": {
            "HIT1": 0.3833537877942653,
            "HIT3": 0.586410799955372,
            "HIT10": 0.7279928595336382,
            "MR": 307.1510654914649,
            "MRR": 0.5054803290523
        }
    },
    "RELATION": {
        "DE_TransE": {
            "HIT1": 0.057123730893673993,
            "HIT3": 0.14247461787347987,
            "HIT10": 0.2653129532522593,
            "MR": 50.67934843244449,
            "MRR": 0.13488534736416188
        },
        "DE_SimplE": {
            "HIT1": 0.06828070958384469,
            "HIT3": 0.17025549481200491,
            "HIT10": 0.3289077317862323,
            "MR": 56.62914202833873,
            "MRR": 0.15592265352136664
        },
        "DE_DistMult": {
            "HIT1": 0.037599018185875265,
            "HIT3": 0.09550373758786121,
            "HIT10": 0.22403213209862768,
            "MR": 63.826174272007144,
            "MRR": 0.10154322051365954
        },
        "TERO": {
            "HIT1": 0.15865223697422737,
            "HIT3": 0.4029900702889658,
            "HIT10": 0.637844471717059,
            "MR": 26.888653352672097,
            "MRR": 0.32241041307968443
        },
        "ATISE": {
            "HIT1": 0.11871025326341626,
            "HIT3": 0.2908624344527502,
            "HIT10": 0.5119937520919335,
            "MR": 37.474171594332255,
            "MRR": 0.24829059776365678
        }
    },
    "TAIL": {
        "DE_TransE": {
            "HIT1": 0.0668303023541225,
            "HIT3": 0.35523820149503516,
            "HIT10": 0.6371750529956488,
            "MR": 196.9202276023653,
            "MRR": 0.25194135075062357
        },
        "DE_SimplE": {
            "HIT1": 0.2031685819480085,
            "HIT3": 0.4766261296440924,
            "HIT10": 0.6589311614414817,
            "MR": 264.62155528282943,
            "MRR": 0.36647498901665027
        },
        "DE_DistMult": {
            "HIT1": 0.19022648666741046,
            "HIT3": 0.44683699654133663,
            "HIT10": 0.6244560972888542,
            "MR": 337.4885640968426,
            "MRR": 0.34482481426958606
        },
        "TERO": {
            "HIT1": 0.4104652460113801,
            "HIT3": 0.6143032466807988,
            "HIT10": 0.7402655360928261,
            "MR": 210.76380676112908,
            "MRR": 0.5302146473852904
        },
        "ATISE": {
            "HIT1": 0.4072297221912306,
            "HIT3": 0.6303692959946446,
            "HIT10": 0.759343969653018,
            "MR": 280.7851165904273,
            "MRR": 0.5359286534162998
        }
    },
    "TIME": {
        "DE_TransE": {
            "HIT1": 0.020528840789914092,
            "HIT3": 0.057012161106772284,
            "HIT10": 0.14392502510320204,
            "MR": 122.90929376324891,
            "MRR": 0.06425141270594184
        },
        "DE_SimplE": {
            "HIT1": 0.018409014838781657,
            "HIT3": 0.04563204284279817,
            "HIT10": 0.12049536985384358,
            "MR": 130.96396295883076,
            "MRR": 0.05617324834633975
        },
        "DE_DistMult": {
            "HIT1": 0.017293316969764588,
            "HIT3": 0.04585518241660158,
            "HIT10": 0.12149949793595895,
            "MR": 128.5489233515564,
            "MRR": 0.05588896784384998
        },
        "TERO": {
            "HIT1": 0.11435903157424969,
            "HIT3": 0.19480084793038047,
            "HIT10": 0.28193685150061365,
            "MR": 111.17114805310722,
            "MRR": 0.17619341931881538
        },
        "ATISE": {
            "HIT1": 0.09728885417828852,
            "HIT3": 0.09762356353899364,
            "HIT10": 0.3030235412250363,
            "MR": 99.09070623675109,
            "MRR": 0.1488256559822522
        }
    }
}