{
    "DE_TransE": {
        "HIT1": 0.13332589534753989,
        "HIT3": 0.20852393171929043,
        "HIT10": 0.3149615084235189,
        "MR": 41.295883074863326,
        "MRR": 0.204748279197774
    },
    "DE_SimplE": {
        "HIT1": 0.1784000892558295,
        "HIT3": 0.293205399977686,
        "HIT10": 0.4498493807876827,
        "MR": 49.747517572241435,
        "MRR": 0.26905439575244017
    },
    "DE_DistMult": {
        "HIT1": 0.0968425750306817,
        "HIT3": 0.2036148610956153,
        "HIT10": 0.35858529510208637,
        "MR": 52.92747963851389,
        "MRR": 0.18564274192135086
    },
    "TERO": {
        "HIT1": 0.15865223697422737,
        "HIT3": 0.4029900702889658,
        "HIT10": 0.637844471717059,
        "MR": 26.888653352672097,
        "MRR": 0.32241041307968443
    },
    "ATISE": {
        "HIT1": 0.11871025326341626,
        "HIT3": 0.2908624344527502,
        "HIT10": 0.5119937520919335,
        "MR": 37.474171594332255,
        "MRR": 0.24829059776365678
    }
}