{
    "DE_TransE": {
        "HIT1": 1.3077905491698596,
        "HIT3": 0.6912043301759134,
        "HIT10": 0.6793315240679902,
        "MR": 50.67934843244449,
        "MRR": 0.8531842784105406
    },
    "DE_SimplE": {
        "HIT1": 0.6163141993957704,
        "HIT3": 0.651997436445204,
        "HIT10": 0.8439736616089322,
        "MR": 56.62914202833873,
        "MRR": 0.7378365256848483
    },
    "DE_DistMult": {
        "HIT1": 0.36236559139784946,
        "HIT3": 0.38768115942028986,
        "HIT10": 0.6006580915345497,
        "MR": 63.826174272007144,
        "MRR": 0.506811719717264
    },
    "TERO": {
        "HIT1": 0.6045918367346939,
        "HIT3": 0.9961389961389963,
        "HIT10": 1.247980790220476,
        "MR": 26.888653352672097,
        "MRR": 0.912816340232243
    },
    "ATISE": {
        "HIT1": 0.47058823529411764,
        "HIT3": 0.799080459770115,
        "HIT10": 0.9638731358958204,
        "MR": 37.474171594332255,
        "MRR": 0.7251961597196567
    }
}