{
    "DE_TransE": {
        "HIT1": 1.4001171646162858,
        "HIT3": 0.683176459837339,
        "HIT10": 0.6657626319202877,
        "MR": 41.295883074863326,
        "MRR": 0.8828941936781718
    },
    "DE_SimplE": {
        "HIT1": 0.738568129330254,
        "HIT3": 0.7670753064798598,
        "HIT10": 0.8582832206907562,
        "MR": 49.747517572241435,
        "MRR": 0.7945680394923718
    },
    "DE_DistMult": {
        "HIT1": 0.4524957643685651,
        "HIT3": 0.5830205255171312,
        "HIT10": 0.7319933952058305,
        "MR": 52.92747963851389,
        "MRR": 0.6010454462987884
    },
    "TERO": {
        "HIT1": 0.5937989351706858,
        "HIT3": 0.9025487256371815,
        "HIT10": 1.076698526295965,
        "MR": 26.888653352672097,
        "MRR": 0.8435123640228144
    },
    "ATISE": {
        "HIT1": 0.47173575703835063,
        "HIT3": 0.7247706422018347,
        "HIT10": 0.8895134716030239,
        "MR": 37.474171594332255,
        "MRR": 0.6904031754549441
    }
}