{
    "DE_TransE": {
        "HIT1": 1.1136487221315932,
        "HIT3": 0.6505348955680083,
        "HIT10": 0.6476034858387799,
        "MR": 50.67934843244449,
        "MRR": 0.7894791832557961
    },
    "DE_SimplE": {
        "HIT1": 0.582995951417004,
        "HIT3": 0.6073631840796021,
        "HIT10": 0.7598427733745731,
        "MR": 56.62914202833873,
        "MRR": 0.6833736823192748
    },
    "DE_DistMult": {
        "HIT1": 0.35822482062184424,
        "HIT3": 0.38667419536984754,
        "HIT10": 0.5753993839100221,
        "MR": 63.826174272007144,
        "MRR": 0.49566314070478046
    },
    "TERO": {
        "HIT1": 0.5937989351706858,
        "HIT3": 0.9025487256371815,
        "HIT10": 1.076698526295965,
        "MR": 26.888653352672097,
        "MRR": 0.8435123640228144
    },
    "ATISE": {
        "HIT1": 0.47173575703835063,
        "HIT3": 0.7247706422018347,
        "HIT10": 0.8895134716030239,
        "MR": 37.474171594332255,
        "MRR": 0.6904031754549441
    }
}