{
    "DE_TransE": {
        "HIT1": 0.10442932053999777,
        "HIT3": 0.47930380452973337,
        "HIT10": 0.7110342519245788,
        "MR": 167.8421287515341,
        "MRR": 0.3235768065354983
    },
    "DE_SimplE": {
        "HIT1": 0.39841570902599577,
        "HIT3": 0.6029231284168247,
        "HIT10": 0.7449514671426978,
        "MR": 199.5815017293317,
        "MRR": 0.5215051513802474
    },
    "DE_DistMult": {
        "HIT1": 0.388039718844137,
        "HIT3": 0.5786009148722526,
        "HIT10": 0.7187325672207966,
        "MR": 248.5167912529287,
        "MRR": 0.5041639225422816
    },
    "TERO": {
        "HIT1": 0.4104652460113801,
        "HIT3": 0.6143032466807988,
        "HIT10": 0.7402655360928261,
        "MR": 210.76380676112908,
        "MRR": 0.5302146473852904
    },
    "ATISE": {
        "HIT1": 0.4072297221912306,
        "HIT3": 0.6303692959946446,
        "HIT10": 0.759343969653018,
        "MR": 280.7851165904273,
        "MRR": 0.5359286534162998
    },
    "TFLEX": {
        "HIT1": 0.31094499609505744,
        "HIT3": 0.48744839897355796,
        "HIT10": 0.6310387147160549,
        "MR": 286.4467254267544,
        "MRR": 0.4230984270644139
    }
}