{
    "DE_TransE": {
        "HIT1": 1.414965986394558,
        "HIT3": 1.648819804260219,
        "HIT10": 1.5637345111029322,
        "MR": 167.8421287515341,
        "MRR": 1.5322688601955745
    },
    "DE_SimplE": {
        "HIT1": 1.8338368580060422,
        "HIT3": 1.8252510147404402,
        "HIT10": 1.6908101918121958,
        "MR": 264.62155528282943,
        "MRR": 1.734184395530342
    },
    "DE_DistMult": {
        "HIT1": 1.8333333333333333,
        "HIT3": 1.8138586956521738,
        "HIT10": 1.6742446903978463,
        "MR": 337.4885640968426,
        "MRR": 1.7210529293548091
    },
    "TERO": {
        "HIT1": 1.564200680272109,
        "HIT3": 1.518477661334804,
        "HIT10": 1.448373717528924,
        "MR": 210.76380676112908,
        "MRR": 1.5011568309493502
    },
    "ATISE": {
        "HIT1": 1.614329942503317,
        "HIT3": 1.731800766283525,
        "HIT10": 1.4295316110060914,
        "MR": 280.7851165904273,
        "MRR": 1.565316628345224
    },
    "TFLEX": {
        "HIT1": 1.982924226254002,
        "HIT3": 1.961391694725028,
        "HIT10": 1.9037361157859305,
        "MR": 286.4467254267544,
        "MRR": 1.9112522120717874
    }
}