{
    "DE_TransE": {
        "HIT1": 1.0966608084358525,
        "HIT3": 1.5703189253404004,
        "HIT10": 1.5029774187842697,
        "MR": 167.8421287515341,
        "MRR": 1.3952941866884443
    },
    "DE_SimplE": {
        "HIT1": 1.6494226327944572,
        "HIT3": 1.577349678925861,
        "HIT10": 1.4213187164067906,
        "MR": 199.5815017293317,
        "MRR": 1.540102418912506
    },
    "DE_DistMult": {
        "HIT1": 1.8131109083800339,
        "HIT3": 1.6567366823736125,
        "HIT10": 1.4671753117348971,
        "MR": 248.5167912529287,
        "MRR": 1.6323042134367567
    },
    "TERO": {
        "HIT1": 1.5362772732017957,
        "HIT3": 1.3758120939530234,
        "HIT10": 1.2495880220349358,
        "MR": 210.76380676112908,
        "MRR": 1.3871841370860198
    },
    "ATISE": {
        "HIT1": 1.6182664597650187,
        "HIT3": 1.5707534056157908,
        "HIT10": 1.3192479162628417,
        "MR": 280.7851165904273,
        "MRR": 1.4902168969286071
    },
    "TFLEX": {
        "HIT1": 1.982924226254002,
        "HIT3": 1.961391694725028,
        "HIT10": 1.9037361157859305,
        "MR": 286.4467254267544,
        "MRR": 1.9112522211368623
    }
}