{
    "DE_TransE": {
        "HIT1": 0.5850340136054422,
        "HIT3": 0.35118019573978126,
        "HIT10": 0.43626548889706784,
        "MR": 112.66361709249135,
        "MRR": 0.4677311398044169
    },
    "DE_SimplE": {
        "HIT1": 0.16616314199395768,
        "HIT3": 0.17474898525955992,
        "HIT10": 0.30918980818780417,
        "MR": 130.96396295883076,
        "MRR": 0.26581560446966024
    },
    "DE_DistMult": {
        "HIT1": 0.16666666666666666,
        "HIT3": 0.18614130434782605,
        "HIT10": 0.32575530960215376,
        "MR": 128.5489233515564,
        "MRR": 0.2789470706451958
    },
    "TERO": {
        "HIT1": 0.43579931972789115,
        "HIT3": 0.48152233866519584,
        "HIT10": 0.5516262824710763,
        "MR": 111.17114805310722,
        "MRR": 0.49884316905067205
    },
    "ATISE": {
        "HIT1": 0.38567005749668287,
        "HIT3": 0.2681992337164751,
        "HIT10": 0.570468388993909,
        "MR": 99.09070623675109,
        "MRR": 0.43468337165478377
    },
    "TFLEX": {
        "HIT1": 0.017075773745997867,
        "HIT3": 0.038608305274971944,
        "HIT10": 0.09626388421406934,
        "MR": 169.35412250362603,
        "MRR": 0.08874778792822467
    }
}