{
    "DE_TransE": {
        "HIT1": 0.453427065026362,
        "HIT3": 0.3344603856346523,
        "HIT10": 0.4193148988856789,
        "MR": 112.66361709249135,
        "MRR": 0.42591907807808865
    },
    "DE_SimplE": {
        "HIT1": 0.11362586605080832,
        "HIT3": 0.21074138937536485,
        "HIT10": 0.3612367622798148,
        "MR": 116.5880843467589,
        "MRR": 0.2428167646057778
    },
    "DE_DistMult": {
        "HIT1": 0.1355402059168513,
        "HIT3": 0.24854244868620717,
        "HIT10": 0.40312019586630987,
        "MR": 114.47327903603704,
        "MRR": 0.27884231279385646
    },
    "TERO": {
        "HIT1": 0.42801962626578977,
        "HIT3": 0.4362818590704648,
        "HIT10": 0.4759169452422431,
        "MR": 111.17114805310722,
        "MRR": 0.4609693782382422
    },
    "ATISE": {
        "HIT1": 0.3866105076479716,
        "HIT3": 0.24325827078120654,
        "HIT10": 0.5264586160108549,
        "MR": 99.09070623675109,
        "MRR": 0.41382841881559107
    },
    "TFLEX": {
        "HIT1": 0.017075773745997867,
        "HIT3": 0.038608305274971944,
        "HIT10": 0.09626388421406934,
        "MR": 169.35423407341293,
        "MRR": 0.08874777886315001
    }
}