{
    "DE_TransE": {
        "HIT1": 0.04317750753096061,
        "HIT3": 0.10208635501506193,
        "HIT10": 0.19837108111123508,
        "MR": 112.66361709249135,
        "MRR": 0.09877310207544412
    },
    "DE_SimplE": {
        "HIT1": 0.027446167577819928,
        "HIT3": 0.08055338614303247,
        "HIT10": 0.1893339283721968,
        "MR": 116.5880843467589,
        "MRR": 0.08222193019657349
    },
    "DE_DistMult": {
        "HIT1": 0.029008144594443824,
        "HIT3": 0.08680129420952806,
        "HIT10": 0.19747852281602143,
        "MR": 114.47327903603704,
        "MRR": 0.0861250207110118
    },
    "TERO": {
        "HIT1": 0.11435903157424969,
        "HIT3": 0.19480084793038047,
        "HIT10": 0.28193685150061365,
        "MR": 111.17114805310722,
        "MRR": 0.17619341931881538
    },
    "ATISE": {
        "HIT1": 0.09728885417828852,
        "HIT3": 0.09762356353899364,
        "HIT10": 0.3030235412250363,
        "MR": 99.09070623675109,
        "MRR": 0.1488256559822522
    },
    "TFLEX": {
        "HIT1": 0.0026776748856409682,
        "HIT3": 0.009595001673546804,
        "HIT10": 0.03190895905388821,
        "MR": 169.35423407341293,
        "MRR": 0.019646305823584113
    }
}