{
    "DE_TransE": {
        "HIT1": 0.057458440254379115,
        "HIT3": 0.14035479192234743,
        "HIT10": 0.26341626687493025,
        "MR": 51.024433783331475,
        "MRR": 0.13471647056247776
    },
    "DE_SimplE": {
        "HIT1": 0.06961954702666517,
        "HIT3": 0.17137119268102197,
        "HIT10": 0.32556063817918107,
        "MR": 56.17192904161553,
        "MRR": 0.15682243604581178
    },
    "DE_DistMult": {
        "HIT1": 0.0365948901037599,
        "HIT3": 0.09762356353899364,
        "HIT10": 0.22682137677117037,
        "MR": 62.45252705567332,
        "MRR": 0.10247406955651688
    },
    "TERO": {
        "HIT1": 0.06895012830525493,
        "HIT3": 0.15117706125181302,
        "HIT10": 0.32187883521142474,
        "MR": 53.17828851946893,
        "MRR": 0.15438523087169506
    }
}