{
    "DE_TransE": {
        "HIT1": 0.018966863773290193,
        "HIT3": 0.05466919558183644,
        "HIT10": 0.14504072297221912,
        "MR": 122.15809438803971,
        "MRR": 0.06341489910094968
    },
    "DE_SimplE": {
        "HIT1": 0.01495035144482874,
        "HIT3": 0.04150396072743501,
        "HIT10": 0.11725984603369408,
        "MR": 129.74818699096284,
        "MRR": 0.052432489049438466
    },
    "DE_DistMult": {
        "HIT1": 0.017181747182862882,
        "HIT3": 0.04485105433448622,
        "HIT10": 0.1191565324110231,
        "MR": 126.67198482650898,
        "MRR": 0.05559509647941774
    }
}