{"HEAD": {
    "DE_TransE": {
        "HIT1": 0.06448733682918666,
        "HIT3": 0.3228829632935401,
        "HIT10": 0.593328126743278,
        "MR": 223.42764699319423,
        "MRR": 0.23375989345362144
    },
    "DE_SimplE": {
        "HIT1": 0.1813009037152739,
        "HIT3": 0.43757670422849493,
        "HIT10": 0.6298114470601361,
        "MR": 288.7674885640968,
        "MRR": 0.3385236525874934
    },
    "DE_DistMult": {
        "HIT1": 0.17092491353341516,
        "HIT3": 0.39685373200937185,
        "HIT10": 0.587191788463684,
        "MR": 366.7255383242218,
        "MRR": 0.31433738628387237
    }
},
"RELATION": {
    "DE_TransE": {
        "HIT1": 0.057458440254379115,
        "HIT3": 0.14035479192234743,
        "HIT10": 0.26341626687493025,
        "MR": 51.024433783331475,
        "MRR": 0.13471647056247776
    },
    "DE_SimplE": {
        "HIT1": 0.06961954702666517,
        "HIT3": 0.17137119268102197,
        "HIT10": 0.32556063817918107,
        "MR": 56.17192904161553,
        "MRR": 0.15682243604581178
    },
    "DE_DistMult": {
        "HIT1": 0.0365948901037599,
        "HIT3": 0.09762356353899364,
        "HIT10": 0.22682137677117037,
        "MR": 62.45252705567332,
        "MRR": 0.10247406955651688
    }
},
"TAIL": {
    "DE_TransE": {
        "HIT1": 0.06861541894454981,
        "HIT3": 0.35389936405221467,
        "HIT10": 0.6363940644873368,
        "MR": 201.80107106995425,
        "MRR": 0.2509105546560867
    },
    "DE_SimplE": {
        "HIT1": 0.20394957045632042,
        "HIT3": 0.48253932834988283,
        "HIT10": 0.659935289523597,
        "MR": 262.57770835657703,
        "MRR": 0.36858544659835396
    },
    "DE_DistMult": {
        "HIT1": 0.18420171817471828,
        "HIT3": 0.43367176168693516,
        "HIT10": 0.6170924913533415,
        "MR": 338.3077094722749,
        "MRR": 0.33760259704097756
    }
},
"TIME": {
    "DE_TransE": {
        "HIT1": 0.018966863773290193,
        "HIT3": 0.05466919558183644,
        "HIT10": 0.14504072297221912,
        "MR": 122.15809438803971,
        "MRR": 0.06341489910094968
    },
    "DE_SimplE": {
        "HIT1": 0.01495035144482874,
        "HIT3": 0.04150396072743501,
        "HIT10": 0.11725984603369408,
        "MR": 129.74818699096284,
        "MRR": 0.052432489049438466
    },
    "DE_DistMult": {
        "HIT1": 0.017181747182862882,
        "HIT3": 0.04485105433448622,
        "HIT10": 0.1191565324110231,
        "MR": 126.67198482650898,
        "MRR": 0.05559509647941774
    }
}}