{
    "DE_TransE": {
        "HIT1": 0.057123730893673993,
        "HIT3": 0.14247461787347987,
        "HIT10": 0.2653129532522593,
        "MR": 50.67934843244449,
        "MRR": 0.13488534736416188
    },
    "DE_SimplE": {
        "HIT1": 0.06828070958384469,
        "HIT3": 0.17025549481200491,
        "HIT10": 0.3289077317862323,
        "MR": 56.62914202833873,
        "MRR": 0.15592265352136664
    },
    "DE_DistMult": {
        "HIT1": 0.037599018185875265,
        "HIT3": 0.09550373758786121,
        "HIT10": 0.22403213209862768,
        "MR": 63.826174272007144,
        "MRR": 0.10154322051365954
    },
    "TERO": {
        "HIT1": 0.15865223697422737,
        "HIT3": 0.4029900702889658,
        "HIT10": 0.637844471717059,
        "MR": 26.888653352672097,
        "MRR": 0.32241041307968443
    },
    "ATISE": {
        "HIT1": 0.11871025326341626,
        "HIT3": 0.2908624344527502,
        "HIT10": 0.5119937520919335,
        "MR": 37.474171594332255,
        "MRR": 0.24829059776365678
    }
}