{
    "DE_TransE": {
        "HIT1": 0.06861541894454981,
        "HIT3": 0.35389936405221467,
        "HIT10": 0.6363940644873368,
        "MR": 201.80107106995425,
        "MRR": 0.2509105546560867
    },
    "DE_SimplE": {
        "HIT1": 0.20394957045632042,
        "HIT3": 0.48253932834988283,
        "HIT10": 0.659935289523597,
        "MR": 262.57770835657703,
        "MRR": 0.36858544659835396
    },
    "DE_DistMult": {
        "HIT1": 0.18420171817471828,
        "HIT3": 0.43367176168693516,
        "HIT10": 0.6170924913533415,
        "MR": 338.3077094722749,
        "MRR": 0.33760259704097756
    }
}