{
    "DE_TransE": {
        "HIT1": 0.06448733682918666,
        "HIT3": 0.3228829632935401,
        "HIT10": 0.593328126743278,
        "MR": 223.42764699319423,
        "MRR": 0.23375989345362144
    },
    "DE_SimplE": {
        "HIT1": 0.1813009037152739,
        "HIT3": 0.43757670422849493,
        "HIT10": 0.6298114470601361,
        "MR": 288.7674885640968,
        "MRR": 0.3385236525874934
    },
    "DE_DistMult": {
        "HIT1": 0.17092491353341516,
        "HIT3": 0.39685373200937185,
        "HIT10": 0.587191788463684,
        "MR": 366.7255383242218,
        "MRR": 0.31433738628387237
    },
    "TERO": {
        "HIT1": 0.08189222358585295,
        "HIT3": 0.23128416824723866,
        "HIT10": 0.3922793707464019,
        "MR": 379.62869574919114,
        "MRR": 0.18857202582666502
    }
}