{
    "DE_TransE": {
        "HIT1": 0.051294209528059805,
        "HIT3": 0.21901149168805087,
        "HIT10": 0.4096842575030682,
        "MR": 149.25359812562758,
        "MRR": 0.17085358325459254
    },
    "DE_SimplE": {
        "HIT1": 0.11712038380006694,
        "HIT3": 0.28031908959053886,
        "HIT10": 0.4328628807318978,
        "MR": 184.36399642976681,
        "MRR": 0.2281660203714415
    },
    "DE_DistMult": {
        "HIT1": 0.10495927702778088,
        "HIT3": 0.2469876157536539,
        "HIT10": 0.3893506638402321,
        "MR": 222.7222470155082,
        "MRR": 0.2048633682328604
    },
    "TERO": {
        "HIT1": 0.26718174718286286,
        "HIT3": 0.4465022871806315,
        "HIT10": 0.5924076760013388,
        "MR": 146.77981702554948,
        "MRR": 0.382223695622041
    },
    "ATISE": {
        "HIT1": 0.2516456543568002,
        "HIT3": 0.40131652348544017,
        "HIT10": 0.5755885306259065,
        "MR": 181.1252649782439,
        "MRR": 0.3596313090536477
    },
    "TFLEX": {
        "HIT1": 0.0784056677451746,
        "HIT3": 0.1242608501617762,
        "HIT10": 0.16573691844248578,
        "MR": 113.9502119825951,
        "MRR": 0.11068618374698372
    }
}