{
    "DE_TransE": {
        "HIT1": 0.07380341403547919,
        "HIT3": 0.2906950797723976,
        "HIT10": 0.454702666517907,
        "MR": 140.25287292201273,
        "MRR": 0.21117495430547212
    },
    "DE_SimplE": {
        "HIT1": 0.11078879839339507,
        "HIT3": 0.2611290862434453,
        "HIT10": 0.3897132656476626,
        "MR": 197.79275912083008,
        "MRR": 0.21132411868149478
    },
    "DE_DistMult": {
        "HIT1": 0.10375990181858753,
        "HIT3": 0.2463460894789691,
        "HIT10": 0.37297779761240657,
        "MR": 233.01874372419948,
        "MRR": 0.20035689105671753
    },
    "TERO": {
        "HIT1": 0.2624121387928149,
        "HIT3": 0.40455204730558963,
        "HIT10": 0.5111011937967198,
        "MR": 160.96747740711814,
        "MRR": 0.353204033352049
    },
    "ATISE": {
        "HIT1": 0.25225928818475957,
        "HIT3": 0.3639964297668191,
        "HIT10": 0.5311837554390271,
        "MR": 189.9379114135892,
        "MRR": 0.34237715469927466
    },
    "TFLEX": {
        "HIT1": 0.1568113354903492,
        "HIT3": 0.2485217003235524,
        "HIT10": 0.33147383688497156,
        "MR": 227.9004239651902,
        "MRR": 0.22137236749396744
    }
}